{"cameraMode":{"drawMode":0,"name":"Shaded","section":"Shading Mode"},"sceneLighting":true,"audioPlay":false,"sceneViewState":{"showFog":true,"showMaterialUpdate":true,"showSkybox":true,"showFlares":true,"showImageEffects":true,"showParticleSystems":true},"in2DMode":false,"pivot":{"x":-53.6397590637207,"y":-5.3206586837768559,"z":45.76667404174805},"rotation":{"x":-0.06913133710622788,"y":0.3934667110443115,"z":-0.029698513448238374,"w":-0.9162833094596863},"size":37.10808563232422,"orthographic":false}